{"_via_settings":{"ui":{"annotation_editor_height":25,"annotation_editor_fontsize":0.8,"leftsidebar_width":18,"image_grid":{"img_height":80,"rshape_fill":"none","rshape_fill_opacity":0.3,"rshape_stroke":"yellow","rshape_stroke_width":2,"show_region_shape":true,"show_image_policy":"all"},"image":{"region_label":"__via_region_id__","region_color":"__via_default_region_color__","region_label_font":"10px Sans","on_image_annotation_editor_placement":"NEAR_REGION"}},"core":{"buffer_size":18,"filepath":{},"default_filepath":""},"project":{"name":"via_project_27Jan2021_12h18m"}},"_via_img_metadata":{"1.jpg1882":{"filename":"1.jpg","size":1882,"regions":[{"shape_attributes":{"name":"polygon","all_points_x":[109,139,140,118,34,30,72],"all_points_y":[18,93,154,239,213,89,20]},"region_attributes":{}}],"file_attributes":{}},"2.jpg1628":{"filename":"2.jpg","size":1628,"regions":[{"shape_attributes":{"name":"polygon","all_points_x":[47,142,180,107,38,45],"all_points_y":[85,94,219,231,181,100]},"region_attributes":{}}],"file_attributes":{}},"3.jpg4092":{"filename":"3.jpg","size":4092,"regions":[{"shape_attributes":{"name":"polygon","all_points_x":[12,107,333,314,178,42,0],"all_points_y":[1,6,13,129,145,80,53]},"region_attributes":{}}],"file_attributes":{}},"4.jpg1900":{"filename":"4.jpg","size":1900,"regions":[{"shape_attributes":{"name":"polygon","all_points_x":[45,143,143,118,68,53],"all_points_y":[15,10,201,224,214,111]},"region_attributes":{}}],"file_attributes":{}},"5.jpg4025":{"filename":"5.jpg","size":4025,"regions":[{"shape_attributes":{"name":"polygon","all_points_x":[8,165,295,203,97,28,8,-1],"all_points_y":[90,145,109,36,3,0,8,21]},"region_attributes":{}}],"file_attributes":{}},"6.jpg2344":{"filename":"6.jpg","size":2344,"regions":[{"shape_attributes":{"name":"polygon","all_points_x":[23,84,167,209,168,132,58],"all_points_y":[36,30,110,195,209,213,155]},"region_attributes":{}}],"file_attributes":{}},"7.jpg2719":{"filename":"7.jpg","size":2719,"regions":[{"shape_attributes":{"name":"polygon","all_points_x":[54,188,267,189,118,33],"all_points_y":[45,81,160,168,151,98]},"region_attributes":{}}],"file_attributes":{}},"8.jpg2204":{"filename":"8.jpg","size":2204,"regions":[{"shape_attributes":{"name":"polygon","all_points_x":[24,107,182,209,164,55,7],"all_points_y":[16,56,131,198,211,121,104]},"region_attributes":{}}],"file_attributes":{}},"9.jpg3105":{"filename":"9.jpg","size":3105,"regions":[{"shape_attributes":{"name":"polygon","all_points_x":[28,234,264,248,130,5],"all_points_y":[36,44,85,110,131,114]},"region_attributes":{}}],"file_attributes":{}},"10.jpg2345":{"filename":"10.jpg","size":2345,"regions":[{"shape_attributes":{"name":"polygon","all_points_x":[70,135,149,125,68],"all_points_y":[3,9,149,215,201]},"region_attributes":{}}],"file_attributes":{}},"11.jpg2077":{"filename":"11.jpg","size":2077,"regions":[{"shape_attributes":{"name":"polygon","all_points_x":[13,168,279,267,193,52,0],"all_points_y":[20,30,100,143,150,100,66]},"region_attributes":{}}],"file_attributes":{}},"12.jpg3208":{"filename":"12.jpg","size":3208,"regions":[{"shape_attributes":{"name":"polygon","all_points_x":[3,38,68,142,242,299,292,213,65],"all_points_y":[11,69,104,146,156,153,105,60,6]},"region_attributes":{}}],"file_attributes":{}},"13.jpg2475":{"filename":"13.jpg","size":2475,"regions":[{"shape_attributes":{"name":"polygon","all_points_x":[45,105,207,250,258,219,143,73,45],"all_points_y":[40,41,68,74,106,120,109,95,78]},"region_attributes":{}}],"file_attributes":{}},"14.jpg1889":{"filename":"14.jpg","size":1889,"regions":[{"shape_attributes":{"name":"polygon","all_points_x":[85,140,154,115,83],"all_points_y":[11,6,201,223,199]},"region_attributes":{}}],"file_attributes":{}},"15.jpg1983":{"filename":"15.jpg","size":1983,"regions":[{"shape_attributes":{"name":"polygon","all_points_x":[42,127,179,198,168,118,35],"all_points_y":[59,53,114,158,165,155,101]},"region_attributes":{}}],"file_attributes":{}},"16.jpg1854":{"filename":"16.jpg","size":1854,"regions":[{"shape_attributes":{"name":"polygon","all_points_x":[80,144,148,148,135,118,88],"all_points_y":[10,18,104,185,216,221,208]},"region_attributes":{}}],"file_attributes":{}},"17.jpg2126":{"filename":"17.jpg","size":2126,"regions":[{"shape_attributes":{"name":"polygon","all_points_x":[89,7,3,42,112,169,187,198,198],"all_points_y":[71,64,98,153,174,184,179,170,141]},"region_attributes":{}}],"file_attributes":{}},"18.jpg1678":{"filename":"18.jpg","size":1678,"regions":[{"shape_attributes":{"name":"polygon","all_points_x":[63,58,130,135,134,112,77,42,43],"all_points_y":[41,25,31,128,205,226,235,123,123]},"region_attributes":{}}],"file_attributes":{}},"19.jpg1864":{"filename":"19.jpg","size":1864,"regions":[{"shape_attributes":{"name":"polygon","all_points_x":[25,198,288,274,138,17],"all_points_y":[49,45,61,111,118,79]},"region_attributes":{}}],"file_attributes":{}},"20.jpg2064":{"filename":"20.jpg","size":2064,"regions":[{"shape_attributes":{"name":"polygon","all_points_x":[79,75,133,159,158,135,90,68,54,73,74],"all_points_y":[0,4,1,66,186,216,220,143,54,3,3]},"region_attributes":{}}],"file_attributes":{}},"21.jpg2064":{"filename":"21.jpg","size":2064,"regions":[{"shape_attributes":{"name":"polygon","all_points_x":[79,149,148,89,73],"all_points_y":[6,5,210,214,146]},"region_attributes":{}}],"file_attributes":{}},"22.jpg1842":{"filename":"22.jpg","size":1842,"regions":[{"shape_attributes":{"name":"polygon","all_points_x":[58,133,195,165,85,34],"all_points_y":[43,64,155,184,143,75]},"region_attributes":{}}],"file_attributes":{}},"23.jpg2871":{"filename":"23.jpg","size":2871,"regions":[{"shape_attributes":{"name":"polygon","all_points_x":[65,224,222,223,22,-1,10],"all_points_y":[8,13,11,179,216,165,138]},"region_attributes":{}}],"file_attributes":{}},"24.jpg1476":{"filename":"24.jpg","size":1476,"regions":[{"shape_attributes":{"name":"polygon","all_points_x":[47,119,202,152,75],"all_points_y":[35,35,179,189,118]},"region_attributes":{}}],"file_attributes":{}},"25.jpg3023":{"filename":"25.jpg","size":3023,"regions":[{"shape_attributes":{"name":"polygon","all_points_x":[89,238,197,108,47,54],"all_points_y":[8,15,125,171,158,106]},"region_attributes":{}}],"file_attributes":{}},"26.jpg4367":{"filename":"26.jpg","size":4367,"regions":[{"shape_attributes":{"name":"polygon","all_points_x":[13,297,300,234,150,48,7],"all_points_y":[3,3,141,153,139,106,16]},"region_attributes":{}}],"file_attributes":{}},"27.jpg2966":{"filename":"27.jpg","size":2966,"regions":[{"shape_attributes":{"name":"polygon","all_points_x":[19,142,257,239,112,9],"all_points_y":[1,9,131,191,158,61]},"region_attributes":{}}],"file_attributes":{}},"28.jpg1579":{"filename":"28.jpg","size":1579,"regions":[{"shape_attributes":{"name":"polygon","all_points_x":[74,142,143,89,88],"all_points_y":[10,15,200,193,133]},"region_attributes":{}}],"file_attributes":{}},"29.jpg1742":{"filename":"29.jpg","size":1742,"regions":[{"shape_attributes":{"name":"polygon","all_points_x":[85,138,147,149,130,93,64],"all_points_y":[1,11,103,181,213,219,143]},"region_attributes":{}}],"file_attributes":{}},"30.jpg2709":{"filename":"30.jpg","size":2709,"regions":[{"shape_attributes":{"name":"polygon","all_points_x":[47,242,258,167,59,17],"all_points_y":[8,13,108,164,144,114]},"region_attributes":{}}],"file_attributes":{}},"31.jpg2028":{"filename":"31.jpg","size":2028,"regions":[{"shape_attributes":{"name":"polygon","all_points_x":[38,87,130,107,68,24],"all_points_y":[41,43,129,290,326,289]},"region_attributes":{}}],"file_attributes":{}},"32.jpg3191":{"filename":"32.jpg","size":3191,"regions":[{"shape_attributes":{"name":"polygon","all_points_x":[13,199,217,214,207,7,-1],"all_points_y":[25,25,25,124,205,203,181]},"region_attributes":{}}],"file_attributes":{}},"33.jpg2516":{"filename":"33.jpg","size":2516,"regions":[{"shape_attributes":{"name":"polygon","all_points_x":[42,124,179,185,129,43,30],"all_points_y":[14,20,140,189,189,86,50]},"region_attributes":{}}],"file_attributes":{}},"34.jpg2940":{"filename":"34.jpg","size":2940,"regions":[{"shape_attributes":{"name":"polygon","all_points_x":[25,283,287,58,15],"all_points_y":[29,31,123,130,126]},"region_attributes":{}}],"file_attributes":{}},"35.jpg2145":{"filename":"35.jpg","size":2145,"regions":[{"shape_attributes":{"name":"polygon","all_points_x":[33,314,314,57,15],"all_points_y":[19,13,104,119,98]},"region_attributes":{}}],"file_attributes":{}},"36.jpg3501":{"filename":"36.jpg","size":3501,"regions":[{"shape_attributes":{"name":"polygon","all_points_x":[52,239,240,55],"all_points_y":[11,11,159,158]},"region_attributes":{}}],"file_attributes":{}},"37.jpg1610":{"filename":"37.jpg","size":1610,"regions":[{"shape_attributes":{"name":"polygon","all_points_x":[59,150,155,115,52],"all_points_y":[13,6,189,218,204]},"region_attributes":{}}],"file_attributes":{}},"38.jpg1855":{"filename":"38.jpg","size":1855,"regions":[{"shape_attributes":{"name":"polygon","all_points_x":[28,217,263,189,7,17],"all_points_y":[11,56,133,161,73,38]},"region_attributes":{}}],"file_attributes":{}},"39.jpg1491":{"filename":"39.jpg","size":1491,"regions":[{"shape_attributes":{"name":"polygon","all_points_x":[75,148,148,137,89,80],"all_points_y":[16,14,179,200,200,145]},"region_attributes":{}}],"file_attributes":{}},"40.jpg1310":{"filename":"40.jpg","size":1310,"regions":[{"shape_attributes":{"name":"polygon","all_points_x":[72,140,153,125,85],"all_points_y":[1,1,190,221,220]},"region_attributes":{}}],"file_attributes":{}},"41.jpg2169":{"filename":"41.jpg","size":2169,"regions":[{"shape_attributes":{"name":"polygon","all_points_x":[47,220,222,52],"all_points_y":[53,58,135,131]},"region_attributes":{}}],"file_attributes":{}},"42.jpg2286":{"filename":"42.jpg","size":2286,"regions":[{"shape_attributes":{"name":"polygon","all_points_x":[35,243,249,48],"all_points_y":[33,35,139,139]},"region_attributes":{}}],"file_attributes":{}},"43.jpg2419":{"filename":"43.jpg","size":2419,"regions":[{"shape_attributes":{"name":"polygon","all_points_x":[33,210,235,73,35],"all_points_y":[63,85,169,160,126]},"region_attributes":{}}],"file_attributes":{}},"44.jpg3995":{"filename":"44.jpg","size":3995,"regions":[{"shape_attributes":{"name":"polygon","all_points_x":[55,169,172,55],"all_points_y":[48,55,175,180]},"region_attributes":{}}],"file_attributes":{}},"45.jpg1390":{"filename":"45.jpg","size":1390,"regions":[{"shape_attributes":{"name":"polygon","all_points_x":[67,153,154,70],"all_points_y":[1,0,213,208]},"region_attributes":{}}],"file_attributes":{}},"46.jpg3271":{"filename":"46.jpg","size":3271,"regions":[{"shape_attributes":{"name":"polygon","all_points_x":[42,228,235,20],"all_points_y":[10,18,161,160]},"region_attributes":{}}],"file_attributes":{}},"47.jpg1450":{"filename":"47.jpg","size":1450,"regions":[{"shape_attributes":{"name":"polygon","all_points_x":[63,137,138,70],"all_points_y":[71,69,236,230]},"region_attributes":{}}],"file_attributes":{}},"48.jpg1606":{"filename":"48.jpg","size":1606,"regions":[{"shape_attributes":{"name":"polygon","all_points_x":[74,143,140,60],"all_points_y":[23,18,186,188]},"region_attributes":{}}],"file_attributes":{}},"49.jpg3170":{"filename":"49.jpg","size":3170,"regions":[{"shape_attributes":{"name":"polygon","all_points_x":[37,165,218,218,52],"all_points_y":[5,4,6,195,189]},"region_attributes":{}}],"file_attributes":{}},"50.jpg1756":{"filename":"50.jpg","size":1756,"regions":[{"shape_attributes":{"name":"polygon","all_points_x":[34,199,185,12],"all_points_y":[46,54,181,161]},"region_attributes":{}}],"file_attributes":{}},"51.jpg5294":{"filename":"51.jpg","size":5294,"regions":[{"shape_attributes":{"name":"polygon","all_points_x":[55,172,172,35],"all_points_y":[19,10,198,191]},"region_attributes":{}}],"file_attributes":{}},"52.jpg2088":{"filename":"52.jpg","size":2088,"regions":[{"shape_attributes":{"name":"polygon","all_points_x":[50,142,154,78],"all_points_y":[3,5,211,210]},"region_attributes":{}}],"file_attributes":{}},"53.jpg3024":{"filename":"53.jpg","size":3024,"regions":[{"shape_attributes":{"name":"polygon","all_points_x":[0,225,240,157,25,0],"all_points_y":[0,20,190,199,170,78]},"region_attributes":{}}],"file_attributes":{}},"54.jpg1777":{"filename":"54.jpg","size":1777,"regions":[{"shape_attributes":{"name":"polygon","all_points_x":[24,189,184,69,20],"all_points_y":[76,160,188,181,86]},"region_attributes":{}}],"file_attributes":{}},"55.jpg1724":{"filename":"55.jpg","size":1724,"regions":[{"shape_attributes":{"name":"polygon","all_points_x":[49,120,113,39],"all_points_y":[23,20,213,214]},"region_attributes":{}}],"file_attributes":{}},"56.png1747":{"filename":"56.png","size":1747,"regions":[{"shape_attributes":{"name":"polygon","all_points_x":[37,165,189,92,49],"all_points_y":[73,76,173,165,136]},"region_attributes":{}}],"file_attributes":{}},"57.jpg38391":{"filename":"57.jpg","size":38391,"regions":[{"shape_attributes":{"name":"polygon","all_points_x":[72,1487,1475,8],"all_points_y":[13,8,1023,1028]},"region_attributes":{}}],"file_attributes":{}},"58.png2100":{"filename":"58.png","size":2100,"regions":[{"shape_attributes":{"name":"polygon","all_points_x":[8,195,217,160,33,4],"all_points_y":[41,58,150,173,124,103]},"region_attributes":{}}],"file_attributes":{}},"59.jpg2129":{"filename":"59.jpg","size":2129,"regions":[{"shape_attributes":{"name":"polygon","all_points_x":[24,270,290,138,32,3],"all_points_y":[25,33,89,144,115,113]},"region_attributes":{}}],"file_attributes":{}},"60.png3451":{"filename":"60.png","size":3451,"regions":[{"shape_attributes":{"name":"polygon","all_points_x":[70,130,139,99,75],"all_points_y":[15,15,215,211,195]},"region_attributes":{}}],"file_attributes":{}},"61.jpg2245":{"filename":"61.jpg","size":2245,"regions":[{"shape_attributes":{"name":"polygon","all_points_x":[22,180,195,65,30],"all_points_y":[29,24,184,174,120]},"region_attributes":{}}],"file_attributes":{}},"62.png2246":{"filename":"62.png","size":2246,"regions":[{"shape_attributes":{"name":"polygon","all_points_x":[28,197,213,59,20],"all_points_y":[29,36,155,168,166]},"region_attributes":{}}],"file_attributes":{}},"63.jpg1659":{"filename":"63.jpg","size":1659,"regions":[{"shape_attributes":{"name":"polygon","all_points_x":[50,139,155,102,72],"all_points_y":[21,18,178,206,181]},"region_attributes":{}}],"file_attributes":{}},"64.png1711":{"filename":"64.png","size":1711,"regions":[{"shape_attributes":{"name":"polygon","all_points_x":[42,180,163,23],"all_points_y":[55,109,168,113]},"region_attributes":{}}],"file_attributes":{}},"65.jpg1495":{"filename":"65.jpg","size":1495,"regions":[{"shape_attributes":{"name":"polygon","all_points_x":[65,153,150,82],"all_points_y":[3,9,193,206]},"region_attributes":{}}],"file_attributes":{}},"66.png1639":{"filename":"66.png","size":1639,"regions":[{"shape_attributes":{"name":"polygon","all_points_x":[20,207,194,22],"all_points_y":[68,69,151,123]},"region_attributes":{}}],"file_attributes":{}},"67.jpg2363":{"filename":"67.jpg","size":2363,"regions":[{"shape_attributes":{"name":"polygon","all_points_x":[15,182,217,77,28],"all_points_y":[25,31,183,188,118]},"region_attributes":{}}],"file_attributes":{}},"68.jpg2517":{"filename":"68.jpg","size":2517,"regions":[{"shape_attributes":{"name":"polygon","all_points_x":[19,237,248,143,43,3],"all_points_y":[25,30,181,190,120,74]},"region_attributes":{}}],"file_attributes":{}},"69.jpg2083":{"filename":"69.jpg","size":2083,"regions":[{"shape_attributes":{"name":"polygon","all_points_x":[38,233,237,240,79,9],"all_points_y":[39,35,89,138,150,124]},"region_attributes":{}}],"file_attributes":{}},"70.jpg3058":{"filename":"70.jpg","size":3058,"regions":[{"shape_attributes":{"name":"polygon","all_points_x":[14,117,113,32],"all_points_y":[10,16,339,359]},"region_attributes":{}}],"file_attributes":{}},"71.jpg1633":{"filename":"71.jpg","size":1633,"regions":[{"shape_attributes":{"name":"polygon","all_points_x":[24,212,204,15],"all_points_y":[73,100,138,135]},"region_attributes":{}}],"file_attributes":{}},"72.jpg1352":{"filename":"72.jpg","size":1352,"regions":[{"shape_attributes":{"name":"polygon","all_points_x":[37,219,232,77,40],"all_points_y":[38,45,103,115,94]},"region_attributes":{}}],"file_attributes":{}}},"_via_attributes":{"region":{},"file":{}},"_via_data_format_version":"2.0.10","_via_image_id_list":["1.jpg1882","2.jpg1628","3.jpg4092","4.jpg1900","5.jpg4025","6.jpg2344","7.jpg2719","8.jpg2204","9.jpg3105","10.jpg2345","11.jpg2077","12.jpg3208","13.jpg2475","14.jpg1889","15.jpg1983","16.jpg1854","17.jpg2126","18.jpg1678","19.jpg1864","20.jpg2064","21.jpg2064","22.jpg1842","23.jpg2871","24.jpg1476","25.jpg3023","26.jpg4367","27.jpg2966","28.jpg1579","29.jpg1742","30.jpg2709","31.jpg2028","32.jpg3191","33.jpg2516","34.jpg2940","35.jpg2145","36.jpg3501","37.jpg1610","38.jpg1855","39.jpg1491","40.jpg1310","41.jpg2169","42.jpg2286","43.jpg2419","44.jpg3995","45.jpg1390","46.jpg3271","47.jpg1450","48.jpg1606","49.jpg3170","50.jpg1756","51.jpg5294","52.jpg2088","53.jpg3024","54.jpg1777","55.jpg1724","56.png1747","57.jpg38391","58.png2100","59.jpg2129","60.png3451","61.jpg2245","62.png2246","63.jpg1659","64.png1711","65.jpg1495","66.png1639","67.jpg2363","68.jpg2517","69.jpg2083","70.jpg3058","71.jpg1633","72.jpg1352"]}