{"1.jpg1882":{"filename":"1.jpg","size":1882,"regions":[{"shape_attributes":{"name":"polygon","all_points_x":[60,90,125,135,124,84,54],"all_points_y":[41,23,40,176,218,228,180]},"region_attributes":{}}],"file_attributes":{}},"2.jpg1628":{"filename":"2.jpg","size":1628,"regions":[{"shape_attributes":{"name":"polygon","all_points_x":[45,77,128,163,148,104,47],"all_points_y":[99,88,141,178,204,203,139]},"region_attributes":{}}],"file_attributes":{}},"3.jpg4092":{"filename":"3.jpg","size":4092,"regions":[{"shape_attributes":{"name":"polygon","all_points_x":[17,149,327,325,210,80,19],"all_points_y":[8,14,29,110,141,113,56]},"region_attributes":{}}],"file_attributes":{}},"4.jpg1900":{"filename":"4.jpg","size":1900,"regions":[{"shape_attributes":{"name":"polygon","all_points_x":[58,139,147,95,59],"all_points_y":[16,19,215,228,209]},"region_attributes":{}}],"file_attributes":{}},"5.jpg4025":{"filename":"5.jpg","size":4025,"regions":[{"shape_attributes":{"name":"polygon","all_points_x":[19,183,295,272,215,30,0],"all_points_y":[1,16,148,165,165,58,55]},"region_attributes":{}}],"file_attributes":{}},"6.jpg2344":{"filename":"6.jpg","size":2344,"regions":[{"shape_attributes":{"name":"polygon","all_points_x":[38,90,199,195,142,28],"all_points_y":[36,34,161,199,198,100]},"region_attributes":{}}],"file_attributes":{}},"7.jpg2719":{"filename":"7.jpg","size":2719,"regions":[{"shape_attributes":{"name":"polygon","all_points_x":[50,235,268,262,184,57,45],"all_points_y":[54,89,125,155,160,120,96]},"region_attributes":{}}],"file_attributes":{}},"8.jpg2204":{"filename":"8.jpg","size":2204,"regions":[{"shape_attributes":{"name":"polygon","all_points_x":[27,80,149,198,178,125,42],"all_points_y":[26,26,113,185,196,188,96]},"region_attributes":{}}],"file_attributes":{}},"9.jpg3105":{"filename":"9.jpg","size":3105,"regions":[{"shape_attributes":{"name":"polygon","all_points_x":[15,263,265,17],"all_points_y":[56,61,120,126]},"region_attributes":{}}],"file_attributes":{}},"10.jpg2345":{"filename":"10.jpg","size":2345,"regions":[{"shape_attributes":{"name":"polygon","all_points_x":[82,144,150,84],"all_points_y":[13,13,206,213]},"region_attributes":{}}],"file_attributes":{}},"11.jpg2077":{"filename":"11.jpg","size":2077,"regions":[{"shape_attributes":{"name":"polygon","all_points_x":[18,172,280,284,264,194,92,15],"all_points_y":[24,53,89,123,146,144,93,65]},"region_attributes":{}}],"file_attributes":{}},"12.jpg3208":{"filename":"12.jpg","size":3208,"regions":[{"shape_attributes":{"name":"polygon","all_points_x":[14,112,302,287,215,65,15],"all_points_y":[10,6,125,160,151,106,75]},"region_attributes":{}}],"file_attributes":{}},"13.jpg2475":{"filename":"13.jpg","size":2475,"regions":[{"shape_attributes":{"name":"polygon","all_points_x":[45,247,264,184,80,44],"all_points_y":[51,61,105,133,106,89]},"region_attributes":{}}],"file_attributes":{}},"14.jpg1889":{"filename":"14.jpg","size":1889,"regions":[{"shape_attributes":{"name":"polygon","all_points_x":[82,130,157,148,130,77],"all_points_y":[16,16,88,193,219,218]},"region_attributes":{}}],"file_attributes":{}},"15.jpg1983":{"filename":"15.jpg","size":1983,"regions":[{"shape_attributes":{"name":"polygon","all_points_x":[42,97,162,193,174,44,44],"all_points_y":[58,64,111,145,175,155,71]},"region_attributes":{}}],"file_attributes":{}},"16.jpg1854":{"filename":"16.jpg","size":1854,"regions":[{"shape_attributes":{"name":"polygon","all_points_x":[77,150,148,138,125,83],"all_points_y":[15,20,96,178,211,220]},"region_attributes":{}}],"file_attributes":{}},"17.jpg2126":{"filename":"17.jpg","size":2126,"regions":[{"shape_attributes":{"name":"polygon","all_points_x":[13,97,183,192,132,28,8],"all_points_y":[64,86,114,179,171,146,106]},"region_attributes":{}}],"file_attributes":{}},"18.jpg1678":{"filename":"18.jpg","size":1678,"regions":[{"shape_attributes":{"name":"polygon","all_points_x":[60,118,129,129,114,78,44],"all_points_y":[28,38,134,213,223,231,184]},"region_attributes":{}}],"file_attributes":{}},"19.jpg1864":{"filename":"19.jpg","size":1864,"regions":[{"shape_attributes":{"name":"polygon","all_points_x":[30,202,260,268,182,52,25],"all_points_y":[43,44,50,96,105,96,73]},"region_attributes":{}}],"file_attributes":{}},"20.jpg2064":{"filename":"20.jpg","size":2064,"regions":[{"shape_attributes":{"name":"polygon","all_points_x":[77,137,152,144,79],"all_points_y":[1,1,150,210,209]},"region_attributes":{}}],"file_attributes":{}},"21.jpg2064":{"filename":"21.jpg","size":2064,"regions":[{"shape_attributes":{"name":"polygon","all_points_x":[90,128,144,148,138,123,92,70,60],"all_points_y":[4,3,51,133,203,223,219,164,64]},"region_attributes":{}}],"file_attributes":{}},"22.jpg1842":{"filename":"22.jpg","size":1842,"regions":[{"shape_attributes":{"name":"polygon","all_points_x":[42,92,163,179,154,62],"all_points_y":[48,45,130,159,176,121]},"region_attributes":{}}],"file_attributes":{}},"23.jpg2871":{"filename":"23.jpg","size":2871,"regions":[{"shape_attributes":{"name":"polygon","all_points_x":[44,185,219,222,144,69,22,3],"all_points_y":[71,5,25,85,164,189,210,184]},"region_attributes":{}}],"file_attributes":{}},"24.jpg1476":{"filename":"24.jpg","size":1476,"regions":[{"shape_attributes":{"name":"polygon","all_points_x":[54,109,185,187,149,49],"all_points_y":[19,30,166,183,186,66]},"region_attributes":{}}],"file_attributes":{}},"25.jpg3023":{"filename":"25.jpg","size":3023,"regions":[{"shape_attributes":{"name":"polygon","all_points_x":[85,193,224,220,155,113,55,50],"all_points_y":[20,10,15,76,129,153,164,154]},"region_attributes":{}}],"file_attributes":{}},"26.jpg4367":{"filename":"26.jpg","size":4367,"regions":[{"shape_attributes":{"name":"polygon","all_points_x":[15,84,120,214,285,307,304,280,233,102,37,7],"all_points_y":[0,4,29,81,119,129,160,163,163,113,70,35]},"region_attributes":{}}],"file_attributes":{}},"27.jpg2966":{"filename":"27.jpg","size":2966,"regions":[{"shape_attributes":{"name":"polygon","all_points_x":[27,69,130,218,238,219,149,33,15],"all_points_y":[9,9,58,120,155,181,161,89,59]},"region_attributes":{}}],"file_attributes":{}},"28.jpg1579":{"filename":"28.jpg","size":1579,"regions":[{"shape_attributes":{"name":"polygon","all_points_x":[88,144,163,145,118,73],"all_points_y":[24,24,135,185,193,180]},"region_attributes":{}}],"file_attributes":{}},"29.jpg1742":{"filename":"29.jpg","size":1742,"regions":[{"shape_attributes":{"name":"polygon","all_points_x":[82,122,139,135,109,82],"all_points_y":[20,14,83,189,219,203]},"region_attributes":{}}],"file_attributes":{}},"30.jpg2709":{"filename":"30.jpg","size":2709,"regions":[{"shape_attributes":{"name":"polygon","all_points_x":[42,163,225,255,210,150,80,24],"all_points_y":[23,23,8,41,88,138,143,130]},"region_attributes":{}}],"file_attributes":{}},"31.jpg2028":{"filename":"31.jpg","size":2028,"regions":[{"shape_attributes":{"name":"polygon","all_points_x":[39,93,110,112,105,93,44],"all_points_y":[39,45,103,184,271,308,305]},"region_attributes":{}}],"file_attributes":{}},"32.jpg3191":{"filename":"32.jpg","size":3191,"regions":[{"shape_attributes":{"name":"polygon","all_points_x":[18,195,214,217,148,42,4,4],"all_points_y":[46,25,45,118,150,208,193,173]},"region_attributes":{}}],"file_attributes":{}},"33.jpg2516":{"filename":"33.jpg","size":2516,"regions":[{"shape_attributes":{"name":"polygon","all_points_x":[42,90,130,173,194,167,102,37],"all_points_y":[31,15,66,145,185,190,154,59]},"region_attributes":{}}],"file_attributes":{}},"34.jpg2940":{"filename":"34.jpg","size":2940,"regions":[{"shape_attributes":{"name":"polygon","all_points_x":[29,147,215,268,273,192,79,23],"all_points_y":[46,53,43,36,68,108,115,125]},"region_attributes":{}}],"file_attributes":{}},"35.jpg2145":{"filename":"35.jpg","size":2145,"regions":[{"shape_attributes":{"name":"polygon","all_points_x":[38,132,233,290,307,108,9],"all_points_y":[43,44,29,15,50,115,100]},"region_attributes":{}}],"file_attributes":{}},"36.jpg3501":{"filename":"36.jpg","size":3501,"regions":[{"shape_attributes":{"name":"polygon","all_points_x":[79,177,228,175,92,52],"all_points_y":[18,14,9,113,153,144]},"region_attributes":{}}],"file_attributes":{}},"37.jpg1610":{"filename":"37.jpg","size":1610,"regions":[{"shape_attributes":{"name":"polygon","all_points_x":[83,139,147,140,130,94],"all_points_y":[13,15,96,173,206,209]},"region_attributes":{}}],"file_attributes":{}},"38.jpg1855":{"filename":"38.jpg","size":1855,"regions":[{"shape_attributes":{"name":"polygon","all_points_x":[23,119,157,253,229,163,24],"all_points_y":[15,34,59,126,156,151,65]},"region_attributes":{}}],"file_attributes":{}},"39.jpg1491":{"filename":"39.jpg","size":1491,"regions":[{"shape_attributes":{"name":"polygon","all_points_x":[124,95,93,114,142,152,148],"all_points_y":[14,14,136,213,203,103,29]},"region_attributes":{}}],"file_attributes":{}},"40.jpg1310":{"filename":"40.jpg","size":1310,"regions":[{"shape_attributes":{"name":"polygon","all_points_x":[85,138,145,149,134,112,80],"all_points_y":[1,3,105,188,210,224,194]},"region_attributes":{}}],"file_attributes":{}},"41.jpg2169":{"filename":"41.jpg","size":2169,"regions":[{"shape_attributes":{"name":"polygon","all_points_x":[59,179,209,209,197,137,87,47],"all_points_y":[61,69,66,100,120,119,113,103]},"region_attributes":{}}],"file_attributes":{}},"42.jpg2286":{"filename":"42.jpg","size":2286,"regions":[{"shape_attributes":{"name":"polygon","all_points_x":[59,205,230,117,57],"all_points_y":[55,51,98,120,130]},"region_attributes":{}}],"file_attributes":{}},"43.jpg2419":{"filename":"43.jpg","size":2419,"regions":[{"shape_attributes":{"name":"polygon","all_points_x":[39,205,220,162,19],"all_points_y":[64,103,144,156,129]},"region_attributes":{}}],"file_attributes":{}},"44.jpg3995":{"filename":"44.jpg","size":3995,"regions":[{"shape_attributes":{"name":"polygon","all_points_x":[78,140,164,147,123,69],"all_points_y":[61,50,74,114,151,178]},"region_attributes":{}}],"file_attributes":{}},"45.jpg1390":{"filename":"45.jpg","size":1390,"regions":[{"shape_attributes":{"name":"polygon","all_points_x":[80,147,157,155,144,114,93,72],"all_points_y":[4,1,129,186,210,223,215,175]},"region_attributes":{}}],"file_attributes":{}},"46.jpg3271":{"filename":"46.jpg","size":3271,"regions":[{"shape_attributes":{"name":"polygon","all_points_x":[82,199,247,208,120,42,22],"all_points_y":[53,9,46,118,140,158,119]},"region_attributes":{}}],"file_attributes":{}},"47.jpg1450":{"filename":"47.jpg","size":1450,"regions":[{"shape_attributes":{"name":"polygon","all_points_x":[74,123,127,127,83,70],"all_points_y":[58,69,135,206,236,215]},"region_attributes":{}}],"file_attributes":{}},"48.jpg1606":{"filename":"48.jpg","size":1606,"regions":[{"shape_attributes":{"name":"polygon","all_points_x":[78,138,144,139,99,70],"all_points_y":[28,34,146,193,208,176]},"region_attributes":{}}],"file_attributes":{}},"49.jpg3170":{"filename":"49.jpg","size":3170,"regions":[{"shape_attributes":{"name":"polygon","all_points_x":[43,75,132,169,212,202,158,112,27],"all_points_y":[10,10,31,130,185,190,191,174,41]},"region_attributes":{}}],"file_attributes":{}},"50.jpg1756":{"filename":"50.jpg","size":1756,"regions":[{"shape_attributes":{"name":"polygon","all_points_x":[29,75,97,129,165,194,177,107,40,14],"all_points_y":[119,119,98,85,64,81,145,149,151,145]},"region_attributes":{}}],"file_attributes":{}},"51.jpg5294":{"filename":"51.jpg","size":5294,"regions":[{"shape_attributes":{"name":"polygon","all_points_x":[107,135,150,153,135,117,105,68,84,103],"all_points_y":[36,13,38,76,98,139,188,194,154,90]},"region_attributes":{}}],"file_attributes":{}},"52.jpg2088":{"filename":"52.jpg","size":2088,"regions":[{"shape_attributes":{"name":"polygon","all_points_x":[89,117,132,138,125,124,129,125,102,104,107,90,87],"all_points_y":[3,-1,19,59,81,128,184,216,216,188,94,69,40]},"region_attributes":{}}],"file_attributes":{}},"53.jpg3024":{"filename":"53.jpg","size":3024,"regions":[{"shape_attributes":{"name":"polygon","all_points_x":[3,28,53,73,105,123,177,239,219,154,107,43,0],"all_points_y":[4,-1,10,11,50,100,133,198,198,151,120,84,54]},"region_attributes":{}}],"file_attributes":{}},"54.jpg1777":{"filename":"54.jpg","size":1777,"regions":[{"shape_attributes":{"name":"polygon","all_points_x":[24,52,75,110,184,172,122,53,23],"all_points_y":[91,88,105,121,160,181,175,139,118]},"region_attributes":{}}],"file_attributes":{}},"55.jpg1724":{"filename":"55.jpg","size":1724,"regions":[{"shape_attributes":{"name":"polygon","all_points_x":[58,68,85,109,109,100,97,93,93,63,67,69,37,60],"all_points_y":[45,29,28,50,80,103,141,198,229,239,161,96,70,38]},"region_attributes":{}}],"file_attributes":{}},"56.png1747":{"filename":"56.png","size":1747,"regions":[{"shape_attributes":{"name":"polygon","all_points_x":[52,97,157,183,139,42],"all_points_y":[78,93,115,124,151,98]},"region_attributes":{}}],"file_attributes":{}},"57.jpg38391":{"filename":"57.jpg","size":38391,"regions":[{"shape_attributes":{"name":"polygon","all_points_x":[270,430,972,1080,1325,1448,1493,1385,467,205,102,44,19],"all_points_y":[774,697,383,78,1,15,164,346,853,980,1011,921,886]},"region_attributes":{}}],"file_attributes":{}},"58.png2100":{"filename":"58.png","size":2100,"regions":[{"shape_attributes":{"name":"polygon","all_points_x":[20,45,79,83,137,198,213,87,68,32,22],"all_points_y":[63,59,75,89,101,116,146,110,110,108,96]},"region_attributes":{}}],"file_attributes":{}},"59.jpg2129":{"filename":"59.jpg","size":2129,"regions":[{"shape_attributes":{"name":"polygon","all_points_x":[22,73,120,249,283,282,240,142,117,63,17],"all_points_y":[93,71,70,38,40,64,65,89,115,121,105]},"region_attributes":{}}],"file_attributes":{}},"60.png3451":{"filename":"60.png","size":3451,"regions":[{"shape_attributes":{"name":"polygon","all_points_x":[90,82,92,104,99,99,115,130,122,120,142,132,105],"all_points_y":[16,39,70,133,148,193,211,189,138,90,50,13,8]},"region_attributes":{}}],"file_attributes":{}},"61.jpg2245":{"filename":"61.jpg","size":2245,"regions":[{"shape_attributes":{"name":"polygon","all_points_x":[29,54,80,93,105,108,138,180,195,182,155,129,90,77,40,29],"all_points_y":[36,33,43,63,81,95,114,154,183,186,179,131,118,111,100,75]},"region_attributes":{}}],"file_attributes":{}},"62.png2246":{"filename":"62.png","size":2246,"regions":[{"shape_attributes":{"name":"polygon","all_points_x":[34,72,104,139,160,187,190,168,135,105,37,12],"all_points_y":[146,128,111,78,59,56,89,110,115,140,174,173]},"region_attributes":{}}],"file_attributes":{}},"63.jpg1659":{"filename":"63.jpg","size":1659,"regions":[{"shape_attributes":{"name":"polygon","all_points_x":[100,89,95,108,132,137,128,128,133,107,99],"all_points_y":[93,68,31,13,36,65,95,145,198,201,174]},"region_attributes":{}}],"file_attributes":{}},"64.png1711":{"filename":"64.png","size":1711,"regions":[{"shape_attributes":{"name":"polygon","all_points_x":[54,70,104,148,178,170,122,48,48],"all_points_y":[101,120,119,145,139,123,106,78,93]},"region_attributes":{}}],"file_attributes":{}},"65.jpg1495":{"filename":"65.jpg","size":1495,"regions":[{"shape_attributes":{"name":"polygon","all_points_x":[132,137,124,114,118,122,122,113,104,104,104,90,85,85,99,117,127,135],"all_points_y":[188,174,148,128,104,61,16,9,28,64,105,146,198,199,205,213,205,199]},"region_attributes":{}}],"file_attributes":{}},"66.png1639":{"filename":"66.png","size":1639,"regions":[{"shape_attributes":{"name":"polygon","all_points_x":[35,53,79,92,118,170,189,148,93,47],"all_points_y":[100,91,93,108,108,109,118,125,119,126]},"region_attributes":{}}],"file_attributes":{}},"67.jpg2363":{"filename":"67.jpg","size":2363,"regions":[{"shape_attributes":{"name":"polygon","all_points_x":[67,35,29,59,85,114,138,184,199,199,153,128,97],"all_points_y":[38,38,70,103,103,134,165,185,174,149,130,98,78]},"region_attributes":{}}],"file_attributes":{}},"68.jpg2517":{"filename":"68.jpg","size":2517,"regions":[{"shape_attributes":{"name":"polygon","all_points_x":[9,32,78,102,113,207,245,222,88,43,3],"all_points_y":[30,21,48,68,88,131,153,186,101,100,68]},"region_attributes":{}}],"file_attributes":{}},"69.jpg2083":{"filename":"69.jpg","size":2083,"regions":[{"shape_attributes":{"name":"polygon","all_points_x":[39,68,93,154,212,232,220,165,115,93,35],"all_points_y":[91,84,88,70,54,61,85,94,109,140,128]},"region_attributes":{}}],"file_attributes":{}},"70.jpg3058":{"filename":"70.jpg","size":3058,"regions":[{"shape_attributes":{"name":"polygon","all_points_x":[39,59,79,102,108,82,77,77,74,70,67,42,43,49,43,20],"all_points_y":[45,18,15,40,100,124,149,193,271,315,346,341,290,143,105,66]},"region_attributes":{}}],"file_attributes":{}},"71.jpg1633":{"filename":"71.jpg","size":1633,"regions":[{"shape_attributes":{"name":"polygon","all_points_x":[45,80,107,152,193,205,198,134,97,35,28],"all_points_y":[93,95,108,108,108,120,133,140,126,131,110]},"region_attributes":{}}],"file_attributes":{}},"72.jpg1352":{"filename":"72.jpg","size":1352,"regions":[{"shape_attributes":{"name":"polygon","all_points_x":[44,73,100,169,209,219,209,132,115,58,42,39],"all_points_y":[63,54,70,66,73,81,96,86,90,99,95,78]},"region_attributes":{}}],"file_attributes":{}}}